,error_type,y_true,y_pred,y_prob,lab_51006_max,anchor_age,lab_51221_min,lab_50983_max,lab_51006_mean,lab_51221_max,lab_50912_mean,lab_50960_min,lab_50882_max,gender
7113,false_negative,1,0,0.14142154,10.0,28,37.5,141.0,10.0,41.1,0.8,1.9,28.0,1
24584,false_negative,1,0,0.15056333,19.0,56,19.1,136.0,19.0,19.1,0.7,1.6,21.0,1
22970,false_positive,0,1,0.9157445,6.0,43,25.4,136.0,5.0,26.5,0.5,,30.0,1
41189,false_positive,0,1,0.89982086,39.0,58,23.5,143.0,35.666666666666664,23.5,0.9333333333333332,1.8,27.0,0
40327,false_negative,1,0,0.31893152,,63,,,,,,,,1
